provider_id,provider_name,specialty,referrals_sent,referral_completion_rate
PRV0062,Clinician 062,Pediatrics,197,0.6294
PRV0180,Clinician 180,Pediatrics,191,0.6335
PRV0060,Clinician 060,Pediatrics,206,0.6408
PRV0087,Clinician 087,Pediatrics,181,0.6409
PRV0140,Clinician 140,Emergency Medicine,126,0.6508
PRV0222,Clinician 222,Family Medicine,201,0.6567
PRV0272,Clinician 272,Family Medicine,201,0.6617
PRV0177,Clinician 177,Family Medicine,188,0.6649
PRV0052,Clinician 052,Pediatrics,219,0.6667
PRV0076,Clinician 076,Pediatrics,185,0.6703
PRV0315,Clinician 315,Pediatrics,184,0.6739
PRV0269,Clinician 269,Emergency Medicine,126,0.6746
PRV0112,Clinician 112,Pediatrics,195,0.6769
PRV0030,Clinician 030,Pediatric Cardiology,130,0.6769
PRV0079,Clinician 079,Pediatrics,192,0.6771
PRV0209,Clinician 209,Pediatrics,158,0.6772
PRV0077,Clinician 077,Pediatrics,199,0.6784
PRV0262,Clinician 262,Pediatrics,191,0.6806
PRV0078,Clinician 078,Pediatrics,176,0.6818
PRV0227,Clinician 227,Pediatric Cardiology,126,0.6825
PRV0147,Clinician 147,Family Medicine,186,0.6828
PRV0167,Clinician 167,Pediatrics,196,0.6837
PRV0303,Clinician 303,Pediatrics,196,0.6837
PRV0142,Clinician 142,Pediatrics,188,0.6862
PRV0234,Clinician 234,Pediatrics,169,0.6864
PRV0093,Clinician 093,Emergency Medicine,134,0.6866
PRV0247,Clinician 247,Pediatrics,195,0.6872
PRV0075,Clinician 075,Pediatrics,189,0.6878
PRV0031,Clinician 031,Pediatric Cardiology,141,0.6879
PRV0297,Clinician 297,Pediatrics,209,0.689
PRV0210,Clinician 210,Family Medicine,190,0.6895
PRV0157,Clinician 157,Pediatrics,171,0.6901
PRV0141,Clinician 141,Cardiology,113,0.6903
PRV0152,Clinician 152,Family Medicine,198,0.6919
PRV0218,Clinician 218,Pediatrics,172,0.6919
PRV0082,Clinician 082,Family Medicine,195,0.6923
PRV0212,Clinician 212,Pediatrics,179,0.6927
PRV0020,Clinician 020,Pediatric Cardiology,137,0.6934
PRV0267,Clinician 267,Pediatric Cardiology,138,0.6957
PRV0254,Clinician 254,Family Medicine,188,0.6968
PRV0117,Clinician 117,Pediatrics,208,0.6971
PRV0193,Clinician 193,Pediatrics,172,0.6977
PRV0134,Clinician 134,Pulmonology,126,0.6984
PRV0048,Clinician 048,Pediatrics,171,0.7018
PRV0072,Clinician 072,Pediatrics,185,0.7027
PRV0099,Clinician 099,Family Medicine,186,0.7043
PRV0205,Clinician 205,Family Medicine,187,0.7059
PRV0108,Clinician 108,Pediatrics,167,0.7066
PRV0069,Clinician 069,Pediatrics,174,0.7069
PRV0137,Clinician 137,Cardiology,130,0.7077
PRV0207,Clinician 207,Pediatric Cardiology,127,0.7087
PRV0126,Clinician 126,Pediatrics,165,0.7091
PRV0256,Clinician 256,Cardiology,124,0.7097
PRV0201,Clinician 201,Pediatrics,176,0.7102
PRV0104,Clinician 104,Pediatrics,183,0.7104
PRV0064,Clinician 064,Pediatrics,194,0.7113
PRV0284,Clinician 284,Family Medicine,201,0.7114
PRV0129,Clinician 129,Pediatrics,184,0.712
PRV0221,Clinician 221,Family Medicine,184,0.712
PRV0298,Clinician 298,Family Medicine,164,0.7134
PRV0017,Clinician 017,Pediatric Cardiology,126,0.7143
PRV0239,Clinician 239,Pulmonology,126,0.7143
PRV0258,Clinician 258,Family Medicine,186,0.7151
PRV0106,Clinician 106,Pediatrics,179,0.7151
PRV0213,Clinician 213,Family Medicine,151,0.7152
PRV0032,Clinician 032,Pediatric Cardiology,130,0.7154
PRV0195,Clinician 195,Emergency Medicine,116,0.7155
PRV0283,Clinician 283,Family Medicine,190,0.7158
PRV0231,Clinician 231,Pediatrics,183,0.7158
PRV0182,Clinician 182,Pediatrics,176,0.7159
PRV0295,Clinician 295,Family Medicine,222,0.7162
PRV0317,Clinician 317,Cardiology,134,0.7164
PRV0144,Clinician 144,Pediatric Cardiology,127,0.7165
PRV0092,Clinician 092,Pediatrics,187,0.7166
PRV0185,Clinician 185,Family Medicine,163,0.7178
PRV0320,Clinician 320,Pediatric Cardiology,110,0.7182
PRV0275,Clinician 275,Pediatrics,167,0.7186
PRV0051,Clinician 051,Pediatrics,160,0.7188
PRV0149,Clinician 149,Family Medicine,160,0.7188
PRV0028,Clinician 028,Pediatric Cardiology,128,0.7188
PRV0165,Clinician 165,Pediatrics,178,0.7191
PRV0123,Clinician 123,Pulmonology,132,0.7197
PRV0162,Clinician 162,Family Medicine,182,0.7198
PRV0054,Clinician 054,Pediatrics,175,0.72
PRV0067,Clinician 067,Pediatrics,197,0.7208
PRV0263,Clinician 263,Pediatrics,172,0.7209
PRV0238,Clinician 238,Pediatrics,176,0.7216
PRV0277,Clinician 277,Family Medicine,176,0.7216
PRV0119,Clinician 119,Family Medicine,180,0.7222
PRV0068,Clinician 068,Pediatrics,184,0.7228
PRV0058,Clinician 058,Pediatrics,177,0.7232
PRV0057,Clinician 057,Pediatrics,188,0.7234
PRV0312,Clinician 312,Pediatrics,188,0.7234
PRV0248,Clinician 248,Pediatric Cardiology,141,0.7234
PRV0037,Clinician 037,Pediatric Cardiology,152,0.7237
PRV0172,Clinician 172,Pediatrics,185,0.7243
PRV0166,Clinician 166,Pediatrics,178,0.7247
PRV0316,Clinician 316,Pediatrics,178,0.7247
PRV0168,Clinician 168,Pediatrics,171,0.7251
PRV0085,Clinician 085,Pediatric Cardiology,131,0.7252
PRV0115,Clinician 115,Cardiology,117,0.7265
PRV0194,Clinician 194,Emergency Medicine,117,0.7265
PRV0120,Clinician 120,Family Medicine,198,0.7273
PRV0170,Clinician 170,Pediatrics,173,0.7283
PRV0089,Clinician 089,Pediatrics,177,0.7288
PRV0301,Clinician 301,Emergency Medicine,118,0.7288
PRV0294,Clinician 294,Pediatrics,174,0.7299
PRV0098,Clinician 098,Pediatrics,178,0.7303
PRV0281,Clinician 281,Pulmonology,141,0.7305
PRV0047,Clinician 047,Pediatrics,175,0.7314
PRV0191,Clinician 191,Pediatrics,175,0.7314
PRV0255,Clinician 255,Pediatric Cardiology,123,0.7317
PRV0266,Clinician 266,Cardiology,138,0.7319
PRV0261,Clinician 261,Pediatrics,168,0.7321
PRV0153,Clinician 153,Pediatrics,161,0.7329
PRV0286,Clinician 286,Cardiology,146,0.7329
PRV0026,Clinician 026,Pediatric Cardiology,135,0.7333
PRV0264,Clinician 264,Pediatric Cardiology,120,0.7333
PRV0308,Clinician 308,Pediatrics,169,0.7337
PRV0063,Clinician 063,Pediatrics,173,0.7341
PRV0314,Clinician 314,Pediatrics,207,0.7343
PRV0158,Clinician 158,Pediatrics,192,0.7344
PRV0198,Clinician 198,Cardiology,147,0.7347
PRV0124,Clinician 124,Pediatrics,200,0.735
PRV0202,Clinician 202,Pediatric Cardiology,136,0.7353
PRV0042,Clinician 042,Pediatrics,209,0.7368
PRV0041,Clinician 041,Pediatrics,171,0.7368
PRV0023,Clinician 023,Pediatric Cardiology,141,0.7376
PRV0083,Clinician 083,Family Medicine,164,0.7378
PRV0309,Clinician 309,Pulmonology,145,0.7379
PRV0156,Clinician 156,Emergency Medicine,138,0.7391
PRV0066,Clinician 066,Pediatrics,188,0.7394
PRV0046,Clinician 046,Pediatrics,169,0.7396
PRV0236,Clinician 236,Pediatrics,185,0.7405
PRV0214,Clinician 214,Family Medicine,193,0.7409
PRV0036,Clinician 036,Pediatric Cardiology,112,0.7411
PRV0186,Clinician 186,Pediatrics,174,0.7414
PRV0311,Clinician 311,Pediatric Cardiology,124,0.7419
PRV0223,Clinician 223,Pediatric Cardiology,128,0.7422
PRV0045,Clinician 045,Pediatrics,198,0.7424
PRV0319,Clinician 319,Emergency Medicine,132,0.7424
PRV0131,Clinician 131,Family Medicine,167,0.7425
PRV0080,Clinician 080,Pediatrics,210,0.7429
PRV0061,Clinician 061,Pediatrics,175,0.7429
PRV0143,Clinician 143,Pediatric Cardiology,144,0.7431
PRV0094,Clinician 094,Pediatrics,183,0.7432
PRV0187,Clinician 187,Family Medicine,195,0.7436
PRV0184,Clinician 184,Pediatric Cardiology,121,0.7438
PRV0274,Clinician 274,Pediatrics,168,0.744
PRV0146,Clinician 146,Pediatric Cardiology,133,0.7444
PRV0192,Clinician 192,Pulmonology,133,0.7444
PRV0138,Clinician 138,Pediatrics,184,0.7446
PRV0183,Clinician 183,Pediatrics,161,0.7453
PRV0225,Clinician 225,Pediatric Cardiology,110,0.7455
PRV0154,Clinician 154,Pediatrics,185,0.7459
PRV0257,Clinician 257,Cardiology,126,0.746
PRV0215,Clinician 215,Family Medicine,205,0.7463
PRV0003,Clinician 003,Pediatric Cardiology,138,0.7464
PRV0285,Clinician 285,Pulmonology,138,0.7464
PRV0169,Clinician 169,Pediatrics,213,0.7465
PRV0244,Clinician 244,Cardiology,142,0.7465
PRV0018,Clinician 018,Pediatric Cardiology,146,0.7466
PRV0081,Clinician 081,Emergency Medicine,162,0.7469
PRV0249,Clinician 249,Pediatrics,186,0.7473
PRV0155,Clinician 155,Cardiology,111,0.7477
PRV0016,Clinician 016,Pediatric Cardiology,127,0.748
PRV0246,Clinician 246,Pulmonology,139,0.7482
PRV0175,Clinician 175,Family Medicine,212,0.75
PRV0240,Clinician 240,Pediatrics,212,0.75
PRV0300,Clinician 300,Family Medicine,188,0.75
PRV0095,Clinician 095,Pediatrics,184,0.75
PRV0109,Clinician 109,Family Medicine,176,0.75
PRV0293,Clinician 293,Pediatric Cardiology,132,0.75
PRV0204,Clinician 204,Emergency Medicine,112,0.75
PRV0049,Clinician 049,Pediatrics,193,0.7513
PRV0208,Clinician 208,Pediatrics,189,0.7513
PRV0299,Clinician 299,Family Medicine,189,0.7513
PRV0271,Clinician 271,Pediatrics,165,0.7515
PRV0291,Clinician 291,Pediatrics,165,0.7515
PRV0237,Clinician 237,Cardiology,157,0.7516
PRV0174,Clinician 174,Pediatric Cardiology,149,0.7517
PRV0029,Clinician 029,Pediatric Cardiology,125,0.752
PRV0181,Clinician 181,Pediatrics,202,0.7525
PRV0203,Clinician 203,Family Medicine,182,0.7527
PRV0139,Clinician 139,Pediatrics,183,0.7541
PRV0059,Clinician 059,Pediatrics,155,0.7548
PRV0160,Clinician 160,Pediatrics,200,0.755
PRV0011,Clinician 011,Pediatric Cardiology,143,0.7552
PRV0038,Clinician 038,Pediatric Cardiology,139,0.7554
PRV0302,Clinician 302,Cardiology,127,0.7559
PRV0199,Clinician 199,Pediatric Cardiology,115,0.7565
PRV0002,Clinician 002,Pediatric Cardiology,152,0.7566
PRV0056,Clinician 056,Pediatrics,152,0.7566
PRV0101,Clinician 101,Pulmonology,144,0.7569
PRV0296,Clinician 296,Emergency Medicine,144,0.7569
PRV0122,Clinician 122,Pediatric Cardiology,136,0.7574
PRV0044,Clinician 044,Pediatrics,174,0.7586
PRV0220,Clinician 220,Emergency Medicine,145,0.7586
PRV0040,Clinician 040,Pediatric Cardiology,141,0.7589
PRV0278,Clinician 278,Family Medicine,166,0.759
PRV0111,Clinician 111,Pediatric Cardiology,137,0.7591
PRV0178,Clinician 178,Emergency Medicine,121,0.7603
PRV0130,Clinician 130,Pediatrics,192,0.7604
PRV0050,Clinician 050,Pediatrics,188,0.7606
PRV0176,Clinician 176,Family Medicine,184,0.7609
PRV0008,Clinician 008,Pediatric Cardiology,130,0.7615
PRV0233,Clinician 233,Emergency Medicine,122,0.7623
PRV0197,Clinician 197,Emergency Medicine,139,0.7626
PRV0252,Clinician 252,Pediatric Cardiology,139,0.7626
PRV0105,Clinician 105,Pediatrics,194,0.7629
PRV0007,Clinician 007,Pediatric Cardiology,135,0.763
PRV0039,Clinician 039,Pediatric Cardiology,135,0.763
PRV0241,Clinician 241,Pulmonology,114,0.7632
PRV0102,Clinician 102,Family Medicine,220,0.7636
PRV0273,Clinician 273,Family Medicine,170,0.7647
PRV0107,Clinician 107,Pediatric Cardiology,132,0.7652
PRV0318,Clinician 318,Pediatrics,162,0.7654
PRV0259,Clinician 259,Pediatric Cardiology,141,0.766
PRV0216,Clinician 216,Family Medicine,210,0.7667
PRV0055,Clinician 055,Pediatrics,193,0.7668
PRV0313,Clinician 313,Emergency Medicine,146,0.7671
PRV0242,Clinician 242,Emergency Medicine,116,0.7672
PRV0306,Clinician 306,Pediatrics,159,0.7673
PRV0121,Clinician 121,Family Medicine,198,0.7677
PRV0015,Clinician 015,Pediatric Cardiology,125,0.768
PRV0034,Clinician 034,Pediatric Cardiology,138,0.7681
PRV0206,Clinician 206,Family Medicine,164,0.7683
PRV0224,Clinician 224,Emergency Medicine,147,0.7687
PRV0133,Clinician 133,Pediatric Cardiology,139,0.7698
PRV0027,Clinician 027,Pediatric Cardiology,122,0.7705
PRV0065,Clinician 065,Pediatrics,179,0.7709
PRV0189,Clinician 189,Pediatrics,162,0.7716
PRV0005,Clinician 005,Pediatric Cardiology,127,0.7717
PRV0014,Clinician 014,Pediatric Cardiology,149,0.7718
PRV0096,Clinician 096,Pediatric Cardiology,132,0.7727
PRV0282,Clinician 282,Cardiology,110,0.7727
PRV0251,Clinician 251,Pediatrics,163,0.773
PRV0073,Clinician 073,Pediatrics,159,0.7736
PRV0179,Clinician 179,Emergency Medicine,115,0.7739
PRV0136,Clinician 136,Family Medicine,155,0.7742
PRV0229,Clinician 229,Pediatrics,182,0.7747
PRV0173,Clinician 173,Pediatric Cardiology,111,0.7748
PRV0305,Clinician 305,Emergency Medicine,129,0.7752
PRV0304,Clinician 304,Pulmonology,148,0.777
PRV0074,Clinician 074,Pediatrics,166,0.7771
PRV0024,Clinician 024,Pediatric Cardiology,126,0.7778
PRV0287,Clinician 287,Pulmonology,117,0.7778
PRV0196,Clinician 196,Pulmonology,99,0.7778
PRV0006,Clinician 006,Pediatric Cardiology,140,0.7786
PRV0090,Clinician 090,Pulmonology,131,0.7786
PRV0118,Clinician 118,Pulmonology,131,0.7786
PRV0163,Clinician 163,Pediatrics,172,0.7791
PRV0103,Clinician 103,Pediatrics,204,0.7794
PRV0019,Clinician 019,Pediatric Cardiology,118,0.7797
PRV0253,Clinician 253,Pediatric Cardiology,109,0.7798
PRV0088,Clinician 088,Cardiology,123,0.7805
PRV0071,Clinician 071,Pediatrics,201,0.7811
PRV0159,Clinician 159,Pediatric Cardiology,128,0.7813
PRV0161,Clinician 161,Emergency Medicine,119,0.7815
PRV0230,Clinician 230,Cardiology,124,0.7823
PRV0132,Clinician 132,Pulmonology,106,0.783
PRV0070,Clinician 070,Pediatrics,189,0.7831
PRV0116,Clinician 116,Pediatrics,171,0.7836
PRV0310,Clinician 310,Pediatric Cardiology,135,0.7852
PRV0148,Clinician 148,Family Medicine,173,0.7861
PRV0053,Clinician 053,Pediatrics,178,0.7865
PRV0110,Clinician 110,Pediatric Cardiology,122,0.7869
PRV0290,Clinician 290,Pediatric Cardiology,137,0.7883
PRV0100,Clinician 100,Cardiology,123,0.7886
PRV0219,Clinician 219,Pulmonology,123,0.7886
PRV0171,Clinician 171,Pediatrics,199,0.7889
PRV0280,Clinician 280,Pediatric Cardiology,109,0.789
PRV0012,Clinician 012,Pediatric Cardiology,128,0.7891
PRV0033,Clinician 033,Pediatric Cardiology,128,0.7891
PRV0097,Clinician 097,Emergency Medicine,114,0.7895
PRV0010,Clinician 010,Pediatric Cardiology,124,0.7903
PRV0250,Clinician 250,Pediatric Cardiology,124,0.7903
PRV0288,Clinician 288,Pediatrics,172,0.7907
PRV0276,Clinician 276,Pulmonology,134,0.791
PRV0245,Clinician 245,Cardiology,125,0.792
PRV0188,Clinician 188,Pediatric Cardiology,135,0.7926
PRV0091,Clinician 091,Pediatrics,164,0.7927
PRV0268,Clinician 268,Family Medicine,164,0.7927
PRV0232,Clinician 232,Pediatric Cardiology,121,0.7934
PRV0128,Clinician 128,Pediatric Cardiology,131,0.7939
PRV0226,Clinician 226,Emergency Medicine,117,0.7949
PRV0025,Clinician 025,Pediatric Cardiology,127,0.7953
PRV0114,Clinician 114,Cardiology,127,0.7953
PRV0265,Clinician 265,Family Medicine,176,0.7955
PRV0164,Clinician 164,Pulmonology,118,0.7966
PRV0084,Clinician 084,Cardiology,128,0.7969
PRV0001,Clinician 001,Pediatric Cardiology,119,0.7983
PRV0086,Clinician 086,Family Medicine,174,0.7989
PRV0235,Clinician 235,Pediatric Cardiology,135,0.8
PRV0150,Clinician 150,Pediatric Cardiology,130,0.8
PRV0292,Clinician 292,Pediatric Cardiology,130,0.8
PRV0151,Clinician 151,Emergency Medicine,105,0.8
PRV0200,Clinician 200,Cardiology,126,0.8016
PRV0289,Clinician 289,Emergency Medicine,126,0.8016
PRV0211,Clinician 211,Family Medicine,163,0.8037
PRV0307,Clinician 307,Emergency Medicine,135,0.8074
PRV0022,Clinician 022,Pediatric Cardiology,130,0.8077
PRV0190,Clinician 190,Emergency Medicine,142,0.8099
PRV0035,Clinician 035,Pediatric Cardiology,132,0.8106
PRV0004,Clinician 004,Pediatric Cardiology,127,0.811
PRV0228,Clinician 228,Pediatric Cardiology,127,0.811
PRV0279,Clinician 279,Cardiology,123,0.813
PRV0013,Clinician 013,Pediatric Cardiology,118,0.8136
PRV0127,Clinician 127,Pediatric Cardiology,129,0.814
PRV0043,Clinician 043,Pediatrics,183,0.8142
PRV0260,Clinician 260,Pulmonology,119,0.8151
PRV0145,Clinician 145,Emergency Medicine,130,0.8154
PRV0009,Clinician 009,Pediatric Cardiology,103,0.8155
PRV0135,Clinician 135,Emergency Medicine,131,0.8168
PRV0217,Clinician 217,Pediatric Cardiology,131,0.8168
PRV0125,Clinician 125,Pulmonology,128,0.8203
PRV0021,Clinician 021,Pediatric Cardiology,130,0.8231
PRV0270,Clinician 270,Cardiology,142,0.8521
PRV0113,Clinician 113,Emergency Medicine,139,0.8705
PRV0243,Clinician 243,Pediatric Cardiology,125,0.872
